sentiment_score,trades,total_pnl,avg_pnl,win_rate
0.0,2326,4399.936551,1.8916322231298366,0.2927773000859845
1.0,13869,1779225.582654,128.28795029591174,0.381786718581008
2.0,2756,74656.74198,27.08880333091437,0.4949201741654572
3.0,11292,609632.532636,53.988003244420824,0.4357066950053135
4.0,5621,1156893.675576,205.81634505888633,0.5532823341042519
